{"info":{"_postman_id":"08783da8-2528-499f-b40b-8136161457cb","name":"permissions","schema":"https://schema.getpostman.com/json/collection/v2.1.0/collection.json"},"item":[{"name":"getPermissions","id":"f7a23743-719f-4eda-8329-b8513b150a16","protocolProfileBehavior":{"disableBodyPruning":true},"request":{"method":"GET","header":[],"url":{"raw":"http://localhost:8000/api/permissions","protocol":"http","host":["localhost"],"port":"8000","path":["api","permissions"]}},"response":[]},{"name":"createPermission","id":"c224bfc5-53f3-4966-8589-e30c8fb617f2","protocolProfileBehavior":{"disableBodyPruning":true},"request":{"method":"POST","header":[],"body":{"mode":"raw","raw":"{\n    \"name\": \"delete_product\"\n}","options":{"raw":{"language":"json"}}},"url":{"raw":"http://localhost:8000/api/permissions","protocol":"http","host":["localhost"],"port":"8000","path":["api","permissions"]}},"response":[]},{"name":"updatePermission","id":"b5297897-b295-40e3-a400-735d2492be5b","protocolProfileBehavior":{"disableBodyPruning":true},"request":{"method":"PUT","header":[],"body":{"mode":"raw","raw":"{\n    \"name\": \"view_product\"\n}","options":{"raw":{"language":"json"}}},"url":{"raw":"http://localhost:8000/api/permissions/1","protocol":"http","host":["localhost"],"port":"8000","path":["api","permissions","1"]}},"response":[]},{"name":"deletePermission","id":"3e95bda9-8a83-4e3e-9f2a-fa84854b3915","protocolProfileBehavior":{"disableBodyPruning":true},"request":{"method":"DELETE","header":[],"url":{"raw":"http://localhost:8000/api/permissions/1","protocol":"http","host":["localhost"],"port":"8000","path":["api","permissions","1"]}},"response":[]}]}