{"info":{"_postman_id":"23e28a5a-b472-4675-941f-4c6afc3142f1","name":"products","schema":"https://schema.getpostman.com/json/collection/v2.1.0/collection.json"},"item":[{"name":"getProducts","id":"eea93632-292d-4b8f-8298-730ddfc8406f","protocolProfileBehavior":{"disableBodyPruning":true},"request":{"method":"GET","header":[],"url":{"raw":"http://localhost:8000/api/products","protocol":"http","host":["localhost"],"port":"8000","path":["api","products"]}},"response":[]},{"name":"createProduct","id":"ee442231-ab2e-46be-a69f-a0654859d6ce","protocolProfileBehavior":{"disableBodyPruning":true},"request":{"method":"POST","header":[],"body":{"mode":"raw","raw":"{\n    \"title\": \"product\",\n    \"description\": \"desc\",\n    \"image\": \"image\",\n    \"price\": 20\n}","options":{"raw":{"language":"json"}}},"url":{"raw":"http://localhost:8000/api/products","protocol":"http","host":["localhost"],"port":"8000","path":["api","products"]}},"response":[]},{"name":"uploadFile","id":"863b63b3-3f89-45b0-882a-019d5fe26216","protocolProfileBehavior":{"disableBodyPruning":true},"request":{"method":"POST","header":[],"body":{"mode":"formdata","formdata":[{"key":"image","type":"file","src":"/home/alfan/Pictures/image.jpg"}]},"url":{"raw":"http://localhost:8000/api/upload","protocol":"http","host":["localhost"],"port":"8000","path":["api","upload"]}},"response":[]}]}