{"info":{"_postman_id":"23f7b710-929e-4541-b57f-a887ab90fe53","name":"Auth","schema":"https://schema.getpostman.com/json/collection/v2.1.0/collection.json"},"item":[{"name":"signUp","id":"04dd7961-484d-43c5-83aa-688a166b950f","protocolProfileBehavior":{"disableBodyPruning":true},"request":{"method":"POST","header":[],"body":{"mode":"urlencoded","urlencoded":[{"key":"username","value":"alfan","type":"text"},{"key":"password","value":"Asd123123","type":"text"}]},"url":{"raw":"http://localhost:3000/auth/signup","protocol":"http","host":["localhost"],"port":"3000","path":["auth","signup"]}},"response":[]},{"name":"signIn","id":"c5bc7e26-290d-4b33-a1a6-3d14c116a5c5","protocolProfileBehavior":{"disableBodyPruning":true},"request":{"method":"POST","header":[],"body":{"mode":"urlencoded","urlencoded":[{"key":"username","value":"alfan","type":"text"},{"key":"password","value":"Asd123123","type":"text"}]},"url":{"raw":"http://localhost:3000/auth/signin","protocol":"http","host":["localhost"],"port":"3000","path":["auth","signin"]}},"response":[]},{"name":"test","id":"cf1c108a-3e03-4139-8a84-bcb91f3271d8","protocolProfileBehavior":{"disableBodyPruning":true},"request":{"auth":{"type":"bearer","bearer":[{"key":"token","value":"eyJhbGciOiJIUzI1NiIsInR5cCI6IkpXVCJ9.eyJ1c2VybmFtZSI6ImZla3VuYSIsImlhdCI6MTYzNjQzMzEzOCwiZXhwIjoxNjM2NDM2NzM4fQ.X_cRumNdWP1-qtVwD05KvbJdhT0r-1g4HhZ6fSAII_U","type":"string"}]},"method":"POST","header":[{"key":"Authorization","value":"Bearer eyJhbGciOiJIUzI1NiIsInR5cCI6IkpXVCJ9.eyJ1c2VybmFtZSI6ImF3ZWUiLCJpYXQiOjE2MTU1NjkyMzQsImV4cCI6MTYxNTU3MjgzNH0.8-nHrF2dDJmRS6eO1UmMOvd0RQjP46DsTvdvLfG60Io","type":"text"}],"url":{"raw":"http://localhost:3000/auth/test","protocol":"http","host":["localhost"],"port":"3000","path":["auth","test"]}},"response":[]}]}