{"info":{"_postman_id":"332c4ce9-f623-4c16-9f4e-105537b9c9f4","name":"auth","schema":"https://schema.getpostman.com/json/collection/v2.1.0/collection.json"},"item":[{"name":"getUsers","id":"0ae7fae4-7962-4069-a7ab-4ac55fb3f790","protocolProfileBehavior":{"disableBodyPruning":true},"request":{"method":"GET","header":[],"url":{"raw":"http://192.168.49.1:5000/api/users/","protocol":"http","host":["192","168","49","1"],"port":"5000","path":["api","users",""]}},"response":[]},{"name":"signup","id":"c899ecd3-2620-45e5-bf55-64b02ee18b85","protocolProfileBehavior":{"disableBodyPruning":true},"request":{"method":"POST","header":[],"body":{"mode":"urlencoded","urlencoded":[{"key":"username","value":"fekuna","type":"text"},{"key":"email","value":"feku@example.com","type":"text"},{"key":"name","value":"fekuna","type":"text"},{"key":"password","value":"asd123","type":"text"},{"key":"role","value":"user","type":"text"}]},"url":{"raw":"http://192.168.49.1:5000/api/users/signup","protocol":"http","host":["192","168","49","1"],"port":"5000","path":["api","users","signup"]}},"response":[]},{"name":"login","id":"ac68bed9-55a0-4cdd-881c-b09fb4a691db","protocolProfileBehavior":{"disableBodyPruning":true},"request":{"method":"POST","header":[],"body":{"mode":"raw","raw":"{\n    \"username\": \"alfan\",\n    \"password\": \"asd123\"\n}","options":{"raw":{"language":"json"}}},"url":{"raw":"http://192.168.49.1:5000/api/users/login","protocol":"http","host":["192","168","49","1"],"port":"5000","path":["api","users","login"]}},"response":[]},{"name":"updateProfile","id":"971268a4-fab3-4d6c-a72d-c01a3a3da035","protocolProfileBehavior":{"disableBodyPruning":true},"request":{"method":"PATCH","header":[],"body":{"mode":"raw","raw":"{\n    \"name\": \"\",\n    \"email\": \"\"\n}","options":{"raw":{"language":"json"}}},"url":{"raw":"http://192.168.1.10:5000/api/users/1","protocol":"http","host":["192","168","1","10"],"port":"5000","path":["api","users","1"]}},"response":[]},{"name":"updatePassword","id":"7a5ef50a-0e38-42e5-a2e0-429cfbce4adb","protocolProfileBehavior":{"disableBodyPruning":true},"request":{"method":"PATCH","header":[],"body":{"mode":"raw","raw":"{\n    \"oldPassword\": \"asd321\",\n    \"newPassword\": \"asd123\"\n}","options":{"raw":{"language":"json"}}},"url":{"raw":"http://192.168.1.10:5000/api/users/password/1","protocol":"http","host":["192","168","1","10"],"port":"5000","path":["api","users","password","1"]}},"response":[]},{"name":"getUserById","id":"3de880d5-3fa3-4c14-ab21-a02519ec790e","protocolProfileBehavior":{"disableBodyPruning":true},"request":{"method":"GET","header":[],"url":{"raw":"http://192.168.1.10:5000/api/users/1","protocol":"http","host":["192","168","1","10"],"port":"5000","path":["api","users","1"]}},"response":[]}]}