{"info":{"_postman_id":"595f2ab4-be0a-46ae-844e-e9057e5898fc","name":"roles","schema":"https://schema.getpostman.com/json/collection/v2.1.0/collection.json"},"item":[{"name":"createRole","id":"9d4dc915-44da-4557-9fe0-e4e3f39c3c4a","protocolProfileBehavior":{"disableBodyPruning":true},"request":{"method":"POST","header":[],"body":{"mode":"raw","raw":"{\n    \"name\": \"editor\",\n    \"permissions\": [2, 4]\n}","options":{"raw":{"language":"json"}}},"url":{"raw":"http://localhost:8000/api/roles","protocol":"http","host":["localhost"],"port":"8000","path":["api","roles"]}},"response":[]},{"name":"getRoles","id":"56f77488-def0-4f81-a23c-d3c430d2c6ae","protocolProfileBehavior":{"disableBodyPruning":true},"request":{"method":"GET","header":[],"url":{"raw":"http://localhost:8000/api/roles","protocol":"http","host":["localhost"],"port":"8000","path":["api","roles"]}},"response":[]},{"name":"updateRole","id":"369a0573-5296-456f-b28b-4a142920e6fe","protocolProfileBehavior":{"disableBodyPruning":true},"request":{"method":"PUT","header":[],"body":{"mode":"raw","raw":"{\n    \"name\": \"admin\",\n    \"permissions\": [1]\n}","options":{"raw":{"language":"json"}}},"url":{"raw":"http://localhost:8000/api/roles/1","protocol":"http","host":["localhost"],"port":"8000","path":["api","roles","1"]}},"response":[]}]}