{"info":{"_postman_id":"64c122c5-a058-4ef7-8913-1b286984ce0a","name":"history","schema":"https://schema.getpostman.com/json/collection/v2.1.0/collection.json"},"item":[{"name":"getHistoryByUserId","id":"195520a1-80ee-4c5c-aba1-b1ea53feb488","protocolProfileBehavior":{"disableBodyPruning":true},"request":{"method":"GET","header":[],"url":{"raw":"http://192.168.1.10:5000/api/history/user/1","protocol":"http","host":["192","168","1","10"],"port":"5000","path":["api","history","user","1"]}},"response":[]}]}