{"info":{"_postman_id":"767cfa90-f083-43ca-87fc-5442e2f4057a","name":"Auth","schema":"https://schema.getpostman.com/json/collection/v2.1.0/collection.json"},"item":[{"name":"login","id":"25409123-40c8-496e-8f8c-5d705ce47f53","protocolProfileBehavior":{"disableBodyPruning":true},"request":{"method":"POST","header":[],"body":{"mode":"raw","raw":"{\n    \"username\": \"2000\",\n    \"password\": \"abc123\"\n}","options":{"raw":{"language":"json"}}},"url":{"raw":"http://localhost:8080/auth/login","protocol":"http","host":["localhost"],"port":"8080","path":["auth","login"]}},"response":[]}]}