{"info":{"_postman_id":"8452a9e8-45c4-4ab2-abc9-9c942065c7f7","name":"user","schema":"https://schema.getpostman.com/json/collection/v2.1.0/collection.json"},"item":[{"name":"getUserBy","id":"63c6f09b-973c-41d3-b36c-86107dad92ef","protocolProfileBehavior":{"disableBodyPruning":true},"request":{"method":"GET","header":[],"body":{"mode":"raw","raw":""},"url":{"raw":"http://localhost:8000/api/users/4112c417-d10f-43d1-894a-6cdeb793980a","protocol":"http","host":["localhost"],"port":"8000","path":["api","users","4112c417-d10f-43d1-894a-6cdeb793980a"]}},"response":[]},{"name":"updateUserProfile","id":"6465600a-dac4-4c37-9e04-b4985c8c13ea","protocolProfileBehavior":{"disableBodyPruning":true},"request":{"auth":{"type":"bearer","bearer":[{"key":"token","value":"{{accessToken}}","type":"string"}]},"method":"PUT","header":[],"body":{"mode":"raw","raw":"{\n    \"address\": \"Jl. keke\"\n\n}","options":{"raw":{"language":"json"}}},"url":{"raw":"http://localhost:8000/api/users/4112c417-d10f-43d1-894a-6cdeb793980a","protocol":"http","host":["localhost"],"port":"8000","path":["api","users","4112c417-d10f-43d1-894a-6cdeb793980a"]}},"response":[]},{"name":"editPhotoProfile","id":"12703efb-4113-4421-9840-ed5f906b0c88","protocolProfileBehavior":{"disableBodyPruning":true},"request":{"auth":{"type":"bearer","bearer":[{"key":"token","value":"{{accessToken}}","type":"string"}]},"method":"PUT","header":[],"body":{"mode":"formdata","formdata":[{"key":"image","type":"file","src":"/home/alfan/Pictures/image.jpg"},{"key":"address","value":"","type":"text","disabled":true}]},"url":{"raw":"http://localhost:8000/api/users/img","protocol":"http","host":["localhost"],"port":"8000","path":["api","users","img"]}},"response":[]},{"name":"New Request","id":"7771a66b-bc6e-4949-a23e-ceab557257bf","protocolProfileBehavior":{"disableBodyPruning":true},"request":{"method":"GET","header":[],"url":{"raw":"http://localhost:8000/api/users/img/profile-default.jpg","protocol":"http","host":["localhost"],"port":"8000","path":["api","users","img","profile-default.jpg"]}},"response":[]}]}