{"info":{"_postman_id":"8541cab4-78d3-435a-a7ff-43914b88ebde","name":"auth","schema":"https://schema.getpostman.com/json/collection/v2.1.0/collection.json"},"item":[{"name":"register","id":"0ca1f30b-4e1f-45b2-878e-c133c49f2e38","protocolProfileBehavior":{"disableBodyPruning":true},"request":{"method":"POST","header":[],"body":{"mode":"raw","raw":"{\n    \"first_name\": \"Alfan\",\n    \"last_name\": \"Almunawar\",\n    \"email\": \"alfan@gmail.com\",\n    \"password\": \"a\",\n    \"password_confirm\": \"a\"\n}","options":{"raw":{"language":"json"}}},"url":{"raw":"http://localhost:8000/api/register","protocol":"http","host":["localhost"],"port":"8000","path":["api","register"]}},"response":[]},{"name":"login","id":"badd7d59-7c6e-42b4-9c96-7b9ef6059be8","protocolProfileBehavior":{"disableBodyPruning":true},"request":{"method":"POST","header":[],"body":{"mode":"raw","raw":"{\n    \"email\": \"alfan@gmail.com\",\n    \"password\": \"1234\"\n}","options":{"raw":{"language":"json"}}},"url":{"raw":"http://localhost:8000/api/login","protocol":"http","host":["localhost"],"port":"8000","path":["api","login"]}},"response":[]},{"name":"logout","id":"1ace653b-2b4c-4d84-8643-e0d6de7ad1e0","protocolProfileBehavior":{"disableBodyPruning":true},"request":{"method":"POST","header":[],"url":{"raw":"http://localhost:8000/api/logout","protocol":"http","host":["localhost"],"port":"8000","path":["api","logout"]}},"response":[]},{"name":"getUsers","id":"30821987-d12d-4707-809d-ed94b7ac6d0b","protocolProfileBehavior":{"disableBodyPruning":true},"request":{"method":"GET","header":[],"url":{"raw":"http://localhost:8000/api/users/1","protocol":"http","host":["localhost"],"port":"8000","path":["api","users","1"]}},"response":[]},{"name":"getUserById","id":"e20a22b0-ca66-4f0a-9409-2a4f08ac9a64","protocolProfileBehavior":{"disableBodyPruning":true},"request":{"method":"GET","header":[],"url":{"raw":"http://localhost:8000/api/users/1","protocol":"http","host":["localhost"],"port":"8000","path":["api","users","1"]}},"response":[]},{"name":"getAllUsers","id":"fba1913f-dfbb-41dd-9864-6c10b5f827d1","protocolProfileBehavior":{"disableBodyPruning":true},"request":{"method":"GET","header":[],"url":{"raw":"http://localhost:8000/api/users","protocol":"http","host":["localhost"],"port":"8000","path":["api","users"]}},"response":[]},{"name":"createUser","id":"8cd069c6-bff1-403d-8b81-fb0e3c4cf439","protocolProfileBehavior":{"disableBodyPruning":true},"request":{"method":"POST","header":[],"body":{"mode":"raw","raw":"{\n    \"first_name\": \"Awee\",\n    \"last_name\": \"hehe\",\n    \"email\": \"hehe@gmail.com\",\n    \"role_id\": 2\n}","options":{"raw":{"language":"json"}}},"url":{"raw":"http://localhost:8000/api/users","protocol":"http","host":["localhost"],"port":"8000","path":["api","users"]}},"response":[]},{"name":"updateUser","id":"5d72ad90-86eb-4bff-8228-e3252dcfc235","protocolProfileBehavior":{"disableBodyPruning":true},"request":{"method":"PUT","header":[],"body":{"mode":"raw","raw":"{\n    \"role_id\": 1\n}","options":{"raw":{"language":"json"}}},"url":{"raw":"http://localhost:8000/api/users/1","protocol":"http","host":["localhost"],"port":"8000","path":["api","users","1"]}},"response":[]},{"name":"updateInfo","id":"3b6826ca-3ad7-4901-a000-5b4ae0800624","protocolProfileBehavior":{"disableBodyPruning":true},"request":{"method":"PUT","header":[],"body":{"mode":"raw","raw":"{\n    \"first_name\": \"updated\"\n}","options":{"raw":{"language":"json"}}},"url":{"raw":"http://localhost:8000/api/users/info","protocol":"http","host":["localhost"],"port":"8000","path":["api","users","info"]}},"response":[]},{"name":"changePassword","id":"3ae90f30-b21f-4bc9-9cdb-26f97158f101","protocolProfileBehavior":{"disableBodyPruning":true},"request":{"method":"PUT","header":[],"body":{"mode":"raw","raw":"{\n    \"password\": \"1234\",\n    \"password_confirm\": \"1234\"\n}","options":{"raw":{"language":"json"}}},"url":{"raw":"http://localhost:8000/api/users/password","protocol":"http","host":["localhost"],"port":"8000","path":["api","users","password"]}},"response":[]}]}