{"info":{"_postman_id":"8ac210c9-8b53-448d-8f8a-295ce23d21bd","name":"Movies","schema":"https://schema.getpostman.com/json/collection/v2.1.0/collection.json"},"item":[{"name":"CreateMovie","id":"dabf813e-1ea9-44d4-a9d4-75ea48ad4fe0","protocolProfileBehavior":{"disableBodyPruning":true},"request":{"method":"POST","header":[],"body":{"mode":"raw","raw":"{\n    \"title\": \"The BlackMailer\",\n    \"year\": 1992,\n    \"Runtime\": \"102 mins\",\n    \"genres\": [\n        \"animations\",\n        \"adventure\"\n    ]\n}","options":{"raw":{"language":"json"}}},"url":{"raw":"localhost:4000/v1/movies","host":["localhost"],"port":"4000","path":["v1","movies"]}},"response":[]},{"name":"GetMovies","id":"4bffb581-5283-4b4b-b02f-bcaf8190a598","protocolProfileBehavior":{"disableBodyPruning":true},"request":{"method":"GET","header":[],"url":{"raw":"localhost:4000/v1/movies","host":["localhost"],"port":"4000","path":["v1","movies"],"query":[{"key":"title","value":"Moana","disabled":true},{"key":"genres","value":"crime,drama","disabled":true},{"key":"page","value":"1","disabled":true},{"key":"page_size","value":"2","disabled":true},{"key":"sort","value":"-year\n","disabled":true}]}},"response":[]},{"name":"GetMovieByID","id":"24c89d0d-5ff1-4667-a675-9aa813535626","protocolProfileBehavior":{"disableBodyPruning":true},"request":{"method":"GET","header":[],"url":{"raw":"localhost:4000/v1/movies/4","host":["localhost"],"port":"4000","path":["v1","movies","4"]}},"response":[]},{"name":"UpdateMovieByID","id":"3c3da942-549f-4344-822d-2c53c389af9b","protocolProfileBehavior":{"disableBodyPruning":true},"request":{"method":"PATCH","header":[],"body":{"mode":"raw","raw":"{\n    \"title\": \"Moani\"\n}","options":{"raw":{"language":"json"}}},"url":{"raw":"localhost:4000/v1/movies/1","host":["localhost"],"port":"4000","path":["v1","movies","1"]}},"response":[]},{"name":"DeleteMovieByID","id":"48073fd5-1134-4e1c-a22e-a5376049e949","protocolProfileBehavior":{"disableBodyPruning":true},"request":{"method":"DELETE","header":[],"url":{"raw":"localhost:4000/v1/movies/1","host":["localhost"],"port":"4000","path":["v1","movies","1"]}},"response":[]}]}