{"info":{"_postman_id":"a9db8a0e-9183-48c3-a567-4cc221aaf1b2","name":"penyakit-gejala","schema":"https://schema.getpostman.com/json/collection/v2.1.0/collection.json"},"item":[{"name":"getGejala","id":"aa9caa54-6ff8-4b58-91c1-e15360e708f8","protocolProfileBehavior":{"disableBodyPruning":true},"request":{"method":"GET","header":[],"url":{"raw":"localhost:5000/api/gejala/","host":["localhost"],"port":"5000","path":["api","gejala",""]}},"response":[]},{"name":"createGejala","id":"26a63fe2-5091-4a12-a0e2-7945aa93da24","protocolProfileBehavior":{"disableBodyPruning":true},"request":{"auth":{"type":"bearer"},"method":"POST","header":[],"body":{"mode":"raw","raw":"{\n    \"gejalaId\": \"G100\",\n    \"name\": \"aokwodakoka\",\n    \"question\": \"kutuan???\"\n}","options":{"raw":{"language":"json"}}},"url":{"raw":"https://expertx-api.herokuapp.com/api/gejala/","protocol":"https","host":["expertx-api","herokuapp","com"],"path":["api","gejala",""]}},"response":[]},{"name":"updateGejala","id":"a5fc4f2c-b90b-4d0b-b8bc-f3ff82426482","protocolProfileBehavior":{"disableBodyPruning":true},"request":{"method":"PATCH","header":[],"body":{"mode":"raw","raw":"{\n    \"name\": \"Telinga terdapat cairan\",\n    \"question\": \"Apakah telinga kucing anda mengeluarkan cairan?\"\n}","options":{"raw":{"language":"json"}}},"url":{"raw":"expertx-api.herokuapp.com/api/gejala/G2","host":["expertx-api","herokuapp","com"],"path":["api","gejala","G2"]}},"response":[]},{"name":"deleteGejala","id":"80159db8-50e3-4bdc-b236-967f62a0c217","protocolProfileBehavior":{"disableBodyPruning":true},"request":{"method":"DELETE","header":[],"url":{"raw":"https://expertx-api.herokuapp.com/api/gejala/G100","protocol":"https","host":["expertx-api","herokuapp","com"],"path":["api","gejala","G100"]}},"response":[]},{"name":"getPenyakit","id":"025de3e0-e703-4799-ae91-57d2872968de","protocolProfileBehavior":{"disableBodyPruning":true},"request":{"method":"GET","header":[{"key":"Content-Type","value":"application/json","type":"text","disabled":true}],"url":{"raw":"localhost:5000/api/penyakit/","host":["localhost"],"port":"5000","path":["api","penyakit",""]}},"response":[]},{"name":"createPenyakit","id":"acc9fbf1-935c-434b-a283-0610f2f3c968","protocolProfileBehavior":{"disableBodyPruning":true},"request":{"method":"POST","header":[],"body":{"mode":"raw","raw":"{\n    \"penyakitId\": \"P99\",\n    \"name\": \"okwodak\",\n    \"desc\": \"aosdkoaskdoakwodkas\",\n    \"solusi\": \"awdokasodksaokd\"\n}","options":{"raw":{"language":"json"}}},"url":{"raw":"localhost:5000/api/penyakit/","host":["localhost"],"port":"5000","path":["api","penyakit",""]}},"response":[]},{"name":"updatePenyakit","id":"b5714c73-bb4c-4eb5-86a1-ec89b8d41a20","protocolProfileBehavior":{"disableBodyPruning":true},"request":{"method":"PATCH","header":[],"body":{"mode":"raw","raw":"{\n    \"name\": \"aweee\",\n    \"desc\": \"awesse\",\n    \"solusi\": \"kukukuc\"\n}","options":{"raw":{"language":"json"}}},"url":{"raw":"localhost:5000/api/penyakit/P99","host":["localhost"],"port":"5000","path":["api","penyakit","P99"]}},"response":[]},{"name":"deletePenyakit","id":"e73396ff-725a-409f-8105-b7f783fbcef2","protocolProfileBehavior":{"disableBodyPruning":true},"request":{"method":"DELETE","header":[],"url":{"raw":"localhost:5000/api/penyakit/P99","host":["localhost"],"port":"5000","path":["api","penyakit","P99"]}},"response":[]},{"name":"addGejalaToPenyakit","id":"9134f77e-7be4-4ed9-9196-a90b4f8758bd","protocolProfileBehavior":{"disableBodyPruning":true},"request":{"method":"POST","header":[],"body":{"mode":"raw","raw":"{\n    \"penyakitId\": \"P99\",\n    \"gejalaId\": \"G1\",\n    \"cfp\": 0.4\n}","options":{"raw":{"language":"json"}}},"url":{"raw":"localhost:5000/api/penyakit/add/gejala","host":["localhost"],"port":"5000","path":["api","penyakit","add","gejala"]}},"response":[]},{"name":"calculateCF","id":"c7141572-feb1-44c5-af2a-3f53f5a4b17a","protocolProfileBehavior":{"disableBodyPruning":true},"request":{"method":"POST","header":[],"body":{"mode":"raw","raw":"{\n    \"userId\": \"1\",\n    \"userGejala\": [\n        {\n            \"gejalaId\": \"G18\",\n            \"cfu\": 0.6\n        },\n        {\n            \"gejalaId\": \"G14\",\n            \"cfu\": 0.8\n        },\n        {\n            \"gejalaId\": \"G11\",\n            \"cfu\": 0.8\n        },\n        {\n            \"gejalaId\": \"G6\",\n            \"cfu\": 0.8\n        }\n    ]\n}","options":{"raw":{"language":"json"}}},"url":{"raw":"https://192.168.1.10:5000/api/penyakit/calculateCF","protocol":"https","host":["192","168","1","10"],"port":"5000","path":["api","penyakit","calculateCF"]}},"response":[]},{"name":"removeGejalaFromPenyakit","id":"585d6e0c-ee79-4269-8e05-434ca5e0717e","protocolProfileBehavior":{"disableBodyPruning":true},"request":{"method":"DELETE","header":[],"body":{"mode":"raw","raw":"{\n    \"penyakitId\": \"P1\",\n    \"gejalaId\": \"G1\"\n}","options":{"raw":{"language":"json"}}},"url":{"raw":"localhost:5000/api/penyakit/remove/gejala","host":["localhost"],"port":"5000","path":["api","penyakit","remove","gejala"]}},"response":[]}]}