{"info":{"_postman_id":"aba64643-40a4-4201-946c-7e43d26b2bbe","name":"mail","schema":"https://schema.getpostman.com/json/collection/v2.1.0/collection.json"},"item":[{"name":"signUp","id":"e204b29e-555b-440e-99df-a12ca6d75c39","protocolProfileBehavior":{"disableBodyPruning":true},"request":{"method":"POST","header":[],"body":{"mode":"raw","raw":"{\n    \"email\": \"almunawar.alfan@gmail.com\",\n    \"name\": \"Alfan\"\n}","options":{"raw":{"language":"json"}}},"url":{"raw":"http://localhost:3000/auth/register","protocol":"http","host":["localhost"],"port":"3000","path":["auth","register"]}},"response":[]}]}