{"info":{"_postman_id":"ad796c7c-15a8-4370-b0b4-31c4bed05594","name":"upload-file","schema":"https://schema.getpostman.com/json/collection/v2.1.0/collection.json"},"item":[{"name":"upload-single-file","id":"7130f56a-4c82-4e02-bdf6-98b3991b7f88","protocolProfileBehavior":{"disableBodyPruning":true},"request":{"method":"POST","header":[],"body":{"mode":"formdata","formdata":[{"key":"image","type":"file","src":"/home/alfan/Pictures/fire-wallpaper.png"}]},"url":{"raw":"http://localhost:3000/","protocol":"http","host":["localhost"],"port":"3000","path":[""]}},"response":[]},{"name":"upload-double-file","id":"eac49ff7-43e2-4507-a1b9-b858fc16b777","protocolProfileBehavior":{"disableBodyPruning":true},"request":{"method":"POST","header":[],"body":{"mode":"formdata","formdata":[{"key":"image","type":"file","src":"/home/alfan/Pictures/fire-wallpaper.png"},{"key":"image","type":"file","src":"/home/alfan/Pictures/profile-default.jpg"},{"key":"image","type":"file","src":"/home/alfan/Pictures/image.jpg"}]},"url":{"raw":"http://localhost:3000/multiple","protocol":"http","host":["localhost"],"port":"3000","path":["multiple"]}},"response":[]},{"name":"showImage","id":"5fbef43b-a8cd-408d-8a60-e533ca1e7d98","protocolProfileBehavior":{"disableBodyPruning":true},"request":{"method":"GET","header":[],"url":{"raw":"http://localhost:3000/image-8bde.jpg","protocol":"http","host":["localhost"],"port":"3000","path":["image-8bde.jpg"]}},"response":[]}]}