{"info":{"_postman_id":"c29e1cfc-c78c-4aa2-907d-71cde0569d91","name":"order-item-status","schema":"https://schema.getpostman.com/json/collection/v2.1.0/collection.json"},"item":[{"name":"getOrderItemStatus","id":"e54619a3-3495-4eba-8b77-eaf2cab0cf50","protocolProfileBehavior":{"disableBodyPruning":true},"request":{"auth":{"type":"bearer","bearer":[{"key":"token","value":"{{accessToken}}","type":"string"}]},"method":"GET","header":[],"url":{"raw":"http://localhost:8000/api/orderitemstatus","protocol":"http","host":["localhost"],"port":"8000","path":["api","orderitemstatus"]}},"response":[]},{"name":"createOrderStatus","id":"989c7c97-5c37-43f3-b1a2-92d21ce3806b","protocolProfileBehavior":{"disableBodyPruning":true},"request":{"auth":{"type":"bearer","bearer":[{"key":"token","value":"{{accessToken}}","type":"string"}]},"method":"POST","header":[],"body":{"mode":"raw","raw":"{\n    \"name\": \"shipping\"\n}","options":{"raw":{"language":"json"}}},"url":{"raw":"http://localhost:8000/api/orderitemstatus","protocol":"http","host":["localhost"],"port":"8000","path":["api","orderitemstatus"]}},"response":[]},{"name":"updateOrderStatus","id":"9d520949-4c6f-4e73-a9f2-22240707e47e","protocolProfileBehavior":{"disableBodyPruning":true},"request":{"method":"PUT","header":[],"url":{"raw":"http://localhost:8000/api/orderitemstatus/id","protocol":"http","host":["localhost"],"port":"8000","path":["api","orderitemstatus","id"]}},"response":[]},{"name":"deleteOrderStatus","id":"7f297ed4-1bfb-4de4-9925-16c5316c479b","protocolProfileBehavior":{"disableBodyPruning":true},"request":{"method":"DELETE","header":[],"url":{"raw":"http://localhost:8000/api/orderitemstatus/id","protocol":"http","host":["localhost"],"port":"8000","path":["api","orderitemstatus","id"]}},"response":[]}]}