{"info":{"_postman_id":"c4720ee7-89d2-405f-a328-7ca96b611625","name":"order-status","schema":"https://schema.getpostman.com/json/collection/v2.1.0/collection.json"},"item":[{"name":"getOrderStatus","id":"7f72f2ad-428c-4e3d-87c6-9b3be25ea7cc","protocolProfileBehavior":{"disableBodyPruning":true},"request":{"auth":{"type":"bearer","bearer":[{"key":"token","value":"{{accessToken}}","type":"string"}]},"method":"GET","header":[],"url":{"raw":"http://localhost:8000/api/orderstatus","protocol":"http","host":["localhost"],"port":"8000","path":["api","orderstatus"]}},"response":[]},{"name":"createOrderStatus","id":"05aa2c75-b555-4009-a453-378cbc05bfef","protocolProfileBehavior":{"disableBodyPruning":true},"request":{"auth":{"type":"bearer","bearer":[{"key":"token","value":"{{accessToken}}","type":"string"}]},"method":"POST","header":[],"body":{"mode":"raw","raw":"{\n    \"name\": \"denied\"\n}","options":{"raw":{"language":"json"}}},"url":{"raw":"http://localhost:8000/api/orderstatus","protocol":"http","host":["localhost"],"port":"8000","path":["api","orderstatus"]}},"response":[]},{"name":"updateOrderStatus","id":"8a4f0629-24c2-418e-85d1-dcf5d596f177","protocolProfileBehavior":{"disableBodyPruning":true},"request":{"method":"PUT","header":[],"url":{"raw":"http://localhost:8000/api/orderstatus/id","protocol":"http","host":["localhost"],"port":"8000","path":["api","orderstatus","id"]}},"response":[]},{"name":"deleteOrderStatus","id":"c5651f1d-e1d2-4cdf-828a-f920ce80f38a","protocolProfileBehavior":{"disableBodyPruning":true},"request":{"method":"DELETE","header":[],"url":{"raw":"http://localhost:8000/api/orderstatus/id","protocol":"http","host":["localhost"],"port":"8000","path":["api","orderstatus","id"]}},"response":[]}]}