{"info":{"_postman_id":"c89e1b65-0ef3-475f-a6a0-20c0e4982c07","name":"Role","schema":"https://schema.getpostman.com/json/collection/v2.1.0/collection.json"},"item":[{"name":"getRoles","id":"16f55eb3-67fb-4510-837e-40de310cccc7","protocolProfileBehavior":{"disableBodyPruning":true},"request":{"method":"GET","header":[],"url":{"raw":"http://localhost:8000/api/roles","protocol":"http","host":["localhost"],"port":"8000","path":["api","roles"]}},"response":[]},{"name":"getRoleById","id":"c1e12525-8c11-4e48-a28c-1b9236a4f4af","protocolProfileBehavior":{"disableBodyPruning":true},"request":{"method":"GET","header":[],"url":{"raw":"http://localhost:8000/api/roles/2","protocol":"http","host":["localhost"],"port":"8000","path":["api","roles","2"]}},"response":[]},{"name":"createRoles","id":"87e43884-e461-445d-bcaa-82448c59a64f","protocolProfileBehavior":{"disableBodyPruning":true},"request":{"method":"POST","header":[],"body":{"mode":"raw","raw":"{\n    \"name\": \"admin\",\n    \"permissions\": [1,2,3,4]\n}","options":{"raw":{"language":"json"}}},"url":{"raw":"http://localhost:8000/api/roles","protocol":"http","host":["localhost"],"port":"8000","path":["api","roles"]}},"response":[]},{"name":"updateRoles","id":"3aa06a22-e8dc-4fd1-9711-76c8d6696158","protocolProfileBehavior":{"disableBodyPruning":true},"request":{"method":"PUT","header":[],"body":{"mode":"raw","raw":"{\n    \"permissions\": [1]\n}","options":{"raw":{"language":"json"}}},"url":{"raw":"http://localhost:8000/api/roles/2","protocol":"http","host":["localhost"],"port":"8000","path":["api","roles","2"]}},"response":[]},{"name":"deleteRoles","id":"70407ff2-9e79-4498-ae04-1fc981daefc7","protocolProfileBehavior":{"disableBodyPruning":true},"request":{"method":"DELETE","header":[],"url":{"raw":"http://localhost:8000/api/roles/1","protocol":"http","host":["localhost"],"port":"8000","path":["api","roles","1"]}},"response":[]}]}