{"info":{"_postman_id":"e2097e4b-1580-4edc-a593-d17c3e05614c","name":"customers","schema":"https://schema.getpostman.com/json/collection/v2.1.0/collection.json"},"item":[{"name":"GetAllCustomers","id":"ec1a00a0-e1d6-444c-8a77-7e92f332459b","protocolProfileBehavior":{"disableBodyPruning":true},"request":{"auth":{"type":"bearer","bearer":[{"key":"token","value":"eyJhbGciOiJIUzI1NiIsInR5cCI6IkpXVCJ9.eyJjdXN0b21lcl9pZCI6IiIsImFjY291bnRzIjpudWxsLCJ1c2VybmFtZSI6ImFkbWluIiwicm9sZSI6ImFkbWluIiwiZXhwIjoxNjMwNTc0ODY3fQ.lIdwPcjkj3s5q2kLJhInA4iambkSw0xuEMNEp2OxEl4","type":"string"}]},"method":"GET","header":[],"url":{"raw":"http://localhost:8080/customers","protocol":"http","host":["localhost"],"port":"8080","path":["customers"]}},"response":[]},{"name":"GetCustomer","id":"67c51ff5-76d0-4945-82a8-59586e6be4c1","protocolProfileBehavior":{"disableBodyPruning":true},"request":{"auth":{"type":"bearer","bearer":[{"key":"token","value":"eyJhbGciOiJIUzI1NiIsInR5cCI6IkpXVCJ9.eyJjdXN0b21lcl9pZCI6IjIwMDAiLCJhY2NvdW50cyI6WyI5NTQ3MCJdLCJ1c2VybmFtZSI6IjIwMDAiLCJyb2xlIjoidXNlciIsImV4cCI6MTYzMDU3NTIyMn0.uD2msf54gqH55MyXb0vJ0pokPhiLSJrTS5qiyPx_Hrk","type":"string"}]},"method":"GET","header":[],"url":{"raw":"http://localhost:8080/customers/2000","protocol":"http","host":["localhost"],"port":"8080","path":["customers","2000"]}},"response":[]},{"name":"createAccount","id":"87ea40a1-8d4d-45ee-ac16-b3a9ebc0fc55","protocolProfileBehavior":{"disableBodyPruning":true},"request":{"method":"POST","header":[],"body":{"mode":"raw","raw":"{\n    \"account_type\": \"saving\",\n    \"amount\": 5000.23\n}","options":{"raw":{"language":"json"}}},"url":{"raw":"http://localhost:8000/customers/2001/account","protocol":"http","host":["localhost"],"port":"8000","path":["customers","2001","account"]}},"response":[]},{"name":"makeTransaction","id":"a7a194b8-f72f-44d5-a6e5-367ddc186466","protocolProfileBehavior":{"disableBodyPruning":true},"request":{"method":"POST","header":[],"body":{"mode":"raw","raw":"{\n    \"transaction_type\": \"withdrawal\",\n    \"amount\": 1000\n}","options":{"raw":{"language":"json"}}},"url":{"raw":"http://localhost:8000/customers/2001/account/95470","protocol":"http","host":["localhost"],"port":"8000","path":["customers","2001","account","95470"]}},"response":[]}]}