{"info":{"_postman_id":"e693bd1b-348c-40e9-9292-fe1989ede5cb","name":"tasks","schema":"https://schema.getpostman.com/json/collection/v2.1.0/collection.json"},"item":[{"name":"getAllTasks","id":"9042c813-5b2d-4cf0-9751-e8cb49c7c7e9","protocolProfileBehavior":{"disableBodyPruning":true},"request":{"auth":{"type":"bearer","bearer":[{"key":"token","value":"eyJhbGciOiJIUzI1NiIsInR5cCI6IkpXVCJ9.eyJ1c2VybmFtZSI6ImFsZmFuIiwiaWF0IjoxNjM2NjMwODg0LCJleHAiOjE2MzY2MzQ0ODR9.jMiAfG8DHQpSUZgC04w_wesudg9GbEWqiNpaUDPsLvU","type":"string"}]},"method":"GET","header":[],"url":{"raw":"http://localhost:3000/tasks","protocol":"http","host":["localhost"],"port":"3000","path":["tasks"]}},"response":[]},{"name":"createTask","id":"d69c18e0-7af9-4e18-89f8-9687b698dcd8","protocolProfileBehavior":{"disableBodyPruning":true},"request":{"auth":{"type":"bearer","bearer":[{"key":"token","value":"eyJhbGciOiJIUzI1NiIsInR5cCI6IkpXVCJ9.eyJ1c2VybmFtZSI6ImFsZmFuIiwiaWF0IjoxNjM2NjMwODg0LCJleHAiOjE2MzY2MzQ0ODR9.jMiAfG8DHQpSUZgC04w_wesudg9GbEWqiNpaUDPsLvU","type":"string"}]},"method":"POST","header":[],"body":{"mode":"raw","raw":"{\n    \"title\": \"asdasdas\",\n    \"description\": \"xixixi\"\n}","options":{"raw":{"language":"json"}}},"url":{"raw":"http://localhost:3000/tasks","protocol":"http","host":["localhost"],"port":"3000","path":["tasks"]}},"response":[]},{"name":"getTaskById","id":"7237154a-00bf-4f12-8e84-80d9f82f0d07","protocolProfileBehavior":{"disableBodyPruning":true},"request":{"auth":{"type":"bearer","bearer":[{"key":"token","value":"eyJhbGciOiJIUzI1NiIsInR5cCI6IkpXVCJ9.eyJ1c2VybmFtZSI6ImFsZmFuIiwiaWF0IjoxNjM2NjMwODg0LCJleHAiOjE2MzY2MzQ0ODR9.jMiAfG8DHQpSUZgC04w_wesudg9GbEWqiNpaUDPsLvU","type":"string"}]},"method":"GET","header":[],"url":{"raw":"http://localhost:3000/tasks/5b3554c2-f687-4063-b49a-50926240d4a4","protocol":"http","host":["localhost"],"port":"3000","path":["tasks","5b3554c2-f687-4063-b49a-50926240d4a4"]}},"response":[]},{"name":"deleteTask","id":"d3a9d3c1-5da4-4966-944f-aee3600ce542","protocolProfileBehavior":{"disableBodyPruning":true},"request":{"method":"DELETE","header":[],"url":{"raw":"http://localhost:3000/tasks/1","protocol":"http","host":["localhost"],"port":"3000","path":["tasks","1"]}},"response":[]},{"name":"updateTaskStatus","id":"2786ce07-1ef3-42f8-bc5e-0bc75a35548f","protocolProfileBehavior":{"disableBodyPruning":true},"request":{"auth":{"type":"bearer","bearer":[{"key":"token","value":"eyJhbGciOiJIUzI1NiIsInR5cCI6IkpXVCJ9.eyJ1c2VybmFtZSI6ImFsZmFuIiwiaWF0IjoxNjM2NjMwODg0LCJleHAiOjE2MzY2MzQ0ODR9.jMiAfG8DHQpSUZgC04w_wesudg9GbEWqiNpaUDPsLvU","type":"string"}]},"method":"PATCH","header":[],"body":{"mode":"urlencoded","urlencoded":[{"key":"status","value":"IN_PROGRESS","type":"text"}]},"url":{"raw":"http://localhost:3000/tasks/5b3554c2-f687-4063-b49a-50926240d4a4/status","protocol":"http","host":["localhost"],"port":"3000","path":["tasks","5b3554c2-f687-4063-b49a-50926240d4a4","status"]}},"response":[]}]}