{"info":{"_postman_id":"e7935962-ba38-45d5-9fce-2b3fb9f42911","name":"coffees","schema":"https://schema.getpostman.com/json/collection/v2.1.0/collection.json"},"item":[{"name":"getCoffees","id":"c0abc36a-31fa-4e2e-98c2-ea3d91928303","protocolProfileBehavior":{"disableBodyPruning":true},"request":{"method":"GET","header":[{"key":"Authorization","value":"asd123asd123asd123","type":"text"}],"url":{"raw":"http://localhost:3000/coffees/","protocol":"http","host":["localhost"],"port":"3000","path":["coffees",""]}},"response":[]},{"name":"createCoffees","id":"4b5391b7-b6b2-4e96-a1f1-0e9891be64da","protocolProfileBehavior":{"disableBodyPruning":true},"request":{"method":"POST","header":[],"body":{"mode":"raw","raw":"{\n    \"name\": \"kopi1\",\n    \"brand\": \"kopikko\",\n    \"flavors\": [\n        \"kelabang\",\n        \"onta\"\n    ]\n}","options":{"raw":{"language":"json"}}},"url":{"raw":"http://localhost:3000/coffees","protocol":"http","host":["localhost"],"port":"3000","path":["coffees"]}},"response":[]},{"name":"updateCoffee","id":"69a942e7-425f-4d27-bcd9-0b5df26d5cbd","protocolProfileBehavior":{"disableBodyPruning":true},"request":{"method":"PATCH","header":[],"body":{"mode":"raw","raw":"{\n    \"name\": \"Hihi\",\n    \"flavors\": [\n        \"kecoa\"\n    ]\n}","options":{"raw":{"language":"json"}}},"url":{"raw":"http://localhost:3000/coffees/1","protocol":"http","host":["localhost"],"port":"3000","path":["coffees","1"]}},"response":[]}]}