{"info":{"_postman_id":"fa3f0aed-d81c-4c95-b48e-d48a65d8b7f1","name":"orders","schema":"https://schema.getpostman.com/json/collection/v2.1.0/collection.json"},"item":[{"name":"getOrders","id":"cc885c3e-4145-4c4c-a577-ac23cb15e634","protocolProfileBehavior":{"disableBodyPruning":true},"request":{"method":"GET","header":[],"url":{"raw":"http://localhost:8000/api/orders","protocol":"http","host":["localhost"],"port":"8000","path":["api","orders"]}},"response":[]},{"name":"exportCSV","id":"fb1e15e3-05d0-4eed-8678-1cbd0a1791e5","protocolProfileBehavior":{"disableBodyPruning":true},"request":{"method":"POST","header":[],"url":{"raw":"http://localhost:8000/api/export","protocol":"http","host":["localhost"],"port":"8000","path":["api","export"]}},"response":[]},{"name":"getChart","id":"30dc6004-9be9-4d83-a316-33ad5f08d641","protocolProfileBehavior":{"disableBodyPruning":true},"request":{"method":"GET","header":[],"url":{"raw":"http://localhost:8000/api/chart","protocol":"http","host":["localhost"],"port":"8000","path":["api","chart"]}},"response":[]}]}